REG_NO_good,BSSH_NM,is_good_restaurant,REG_NO_safe,RPRSNTV_NM,INDUTY,INDUTY_DETAIL,DSGN_YMD,is_safe_restaurant,ADRES,TELNO,base_score,combined_text,CLEAN_ADRES,latitude,longitude
,가츠라,0,149,최은실,일반음식점,일식,1.63777E+12,1,경상북도 영주시 영주로 177,054-638-3207,10,가츠라 경상북도 영주시 영주로 177 일식,경상북도 영주시 영주로 177,36.824815,128.6158266
,가화한정식당,0,170,이옥순,일반음식점,한식,1.61893E+12,1,경상북도 영주시 시청로 30,054-634-1075,10,가화한정식당 경상북도 영주시 시청로 30 한식,경상북도 영주시 시청로 30,36.8088568,128.6244859
,갓포,0,136,김성희,일반음식점,일식,1.65289E+12,1,경상북도 영주시 대학로 245,054-635-3005,10,갓포 경상북도 영주시 대학로 245 일식,경상북도 영주시 대학로 245,36.8187464,128.6046765
,개성집,0,76,권영철,일반음식점,한식,1.65582E+12,1,경상북도 영주시 대동로 82,-,10,개성집 경상북도 영주시 대동로 82 한식,경상북도 영주시 대동로 82,36.8148695,128.6096345
1,계림상황삼계탕,1,225,이석경,일반음식점,한식,1.58489E+12,1,경상북도 영주시 대학로 5-1 ,054-638-1080,110,계림상황삼계탕 경상북도 영주시 대학로 5-1  한식,경상북도 영주시 대학로 5-1,36.8263066,128.6049243
,고조선감저,0,28,전효우,일반음식점,한식,1.65582E+12,1,경상북도 영주시 대동로 159-1,054-631-4545,10,고조선감저 경상북도 영주시 대동로 159-1 한식,경상북도 영주시 대동로 159-1,36.815384,128.6256528
,고향손칼국수,0,24,박영순,일반음식점,한식,1.65582E+12,1,경상북도 영주시 선비로 75,054-633-9379,10,고향손칼국수 경상북도 영주시 선비로 75 한식,경상북도 영주시 선비로 75,36.8146002,128.6225686
,골목한우,0,148,심희섭,일반음식점,한식,1.63777E+12,1,경상북도 영주시 대학로240번길 16-12,054-634-6600,10,골목한우 경상북도 영주시 대학로240번길 16-12 한식,경상북도 영주시 대학로240번길 16-12,36.8168755,128.6055673
,광명갈비,0,53,최종찬,일반음식점,한식,1.65582E+12,1,경상북도 영주시 풍기읍 풍기로 71-10,054-636-6543,10,광명갈비 경상북도 영주시 풍기읍 풍기로 71-10 한식,경상북도 영주시 풍기읍 풍기로 71-10,36.8710244,128.5256503
,교동면옥영주가흥점,0,104,정윤서 외 1명,일반음식점,한식,1.65289E+12,1,경상북도 영주시 대동로31번길 25-9,054-635-0017,10,교동면옥영주가흥점 경상북도 영주시 대동로31번길 25-9 한식,경상북도 영주시 대동로31번길 25-9,36.81728375,128.6050866
,교짬,0,121,김덕년,일반음식점,중식,1.65289E+12,1,경상북도 영주시 영주로231번길 24,054-635-9782,10,교짬 경상북도 영주시 영주로231번길 24 중식,경상북도 영주시 영주로231번길 24,36.82672633,128.6255809
,국시명가,0,6,김순조,일반음식점,한식,1.65582E+12,1,경상북도 영주시 영주로 177,054-632-7390,10,국시명가 경상북도 영주시 영주로 177 한식,경상북도 영주시 영주로 177,36.824815,128.6158266
,그집족발,0,137,이희정,일반음식점,한식,1.65289E+12,1,경상북도 영주시 영주로60번길 37-14,054-633-3636,10,그집족발 경상북도 영주시 영주로60번길 37-14 한식,경상북도 영주시 영주로60번길 37-14,36.8206417,128.6064923
,김영남손짜장,0,155,김영남,일반음식점,중식,1.62152E+12,1,경상북도 영주시 선비로 269-1,054-632-5758,10,김영남손짜장 경상북도 영주시 선비로 269-1 중식,경상북도 영주시 선비로 269-1,36.8266724,128.6160008
,까르비소,0,217,전민규,일반음식점,서양식,1.60329E+12,1,경상북도 영주시 영주로231번길 20,054-632-1566,10,까르비소 경상북도 영주시 영주로231번길 20 서양식,경상북도 영주시 영주로231번길 20,36.8266938,128.6253508
,까치식당,0,16,정대협,일반음식점,한식,1.65582E+12,1,경상북도 영주시 구성로 233,054-631-4866,10,까치식당 경상북도 영주시 구성로 233 한식,경상북도 영주시 구성로 233,36.824067,128.6220614
,꼬끼요찜닭영주점,0,80,조현묵,일반음식점,한식,1.65582E+12,1,경상북도 영주시 대동로34번길 2,054-636-2456,10,꼬끼요찜닭영주점 경상북도 영주시 대동로34번길 2 한식,경상북도 영주시 대동로34번길 2,36.81484678,128.6059407
,꽃돼지국밥,0,123,권리라,일반음식점,한식,1.65289E+12,1,경상북도 영주시 봉현면 오현로 73,054-638-2124,10,꽃돼지국밥 경상북도 영주시 봉현면 오현로 73 한식,경상북도 영주시 봉현면 오현로 73,36.86497607,128.5227645
,꽃쌈샤브샤브,0,81,정희순,일반음식점,기타외국식,1.65582E+12,1,경상북도 영주시 대동로 69,054-635-8866,10,꽃쌈샤브샤브 경상북도 영주시 대동로 69 기타외국식,경상북도 영주시 대동로 69,36.8148695,128.6096345
,꿀돼지,0,216,송미정,일반음식점,한식,1.60329E+12,1,경상북도 영주시 신재로12번길 89,054-631-1412,10,꿀돼지 경상북도 영주시 신재로12번길 89 한식,경상북도 영주시 신재로12번길 89,36.83514796,128.6112658
,꿀탄,0,82,장혜숙,일반음식점,한식,1.65582E+12,1,경상북도 영주시 대학로240번길 20,-,10,꿀탄 경상북도 영주시 대학로240번길 20 한식,경상북도 영주시 대학로240번길 20,36.8175109,128.6065217
,꿉소굽소식당,0,46,이옥분,일반음식점,한식,1.65582E+12,1,경상북도 영주시 구성로320번길 11-8,054-633-0009,10,꿉소굽소식당 경상북도 영주시 구성로320번길 11-8 한식,경상북도 영주시 구성로320번길 11-8,36.821974,128.6264053
2,나드리,1,,,,,,0,"경상북도 영주시 중앙로 89, 2층 ",054-633-5482,100,"나드리 경상북도 영주시 중앙로 89, 2층",경상북도 영주시 중앙로 89,36.819539,128.6189829
3,너른마당,1,215,김정희,일반음식점,한식,1.60329E+12,1,경상북도 영주시 구성로 117 ,054-634-0606,110,너른마당 경상북도 영주시 구성로 117  한식,경상북도 영주시 구성로 117,36.824067,128.6220614
,누나포차,0,74,김현지,일반음식점,한식,1.65582E+12,1,경상북도 영주시 대학로164번길 11-1,-,10,누나포차 경상북도 영주시 대학로164번길 11-1 한식,경상북도 영주시 대학로164번길 11-1,36.81119437,128.6089119
,뉴욕쟁이디저트영주점,0,101,홍성탁,일반음식점,기타 음식점업,1.65289E+12,1,경상북도 영주시 대동로 51,054-632-3252,10,뉴욕쟁이디저트영주점 경상북도 영주시 대동로 51 기타 음식점업,경상북도 영주시 대동로 51,36.8148695,128.6096345
4,다성한정식,1,214,박인숙,일반음식점,한식,1.60329E+12,1,경상북도 영주시 선비로 128(휴천동),054-632-0802,110,다성한정식 경상북도 영주시 선비로 128(휴천동) 한식,경상북도 영주시 선비로 128,36.8146002,128.6225686
,다온부대찌개,0,75,김광희,일반음식점,한식,1.65582E+12,1,경상북도 영주시 대학로 343,054-631-5457,10,다온부대찌개 경상북도 영주시 대학로 343 한식,경상북도 영주시 대학로 343,36.828607,128.6035955
,닥엔돈스영주점,0,79,이태겸,일반음식점,한식,1.65582E+12,1,경상북도 영주시 대동로 40,054-637-1191,10,닥엔돈스영주점 경상북도 영주시 대동로 40 한식,경상북도 영주시 대동로 40,36.8148695,128.6096345
,단산갈비,0,70,권춘옥,일반음식점,한식,1.65582E+12,1,경상북도 영주시 단산면 보옥로 366,054-632-8885,10,단산갈비 경상북도 영주시 단산면 보옥로 366 한식,경상북도 영주시 단산면 보옥로 366,36.95181126,128.6195313
,담뜰,0,40,김효숙,일반음식점,한식,1.65582E+12,1,경상북도 영주시 번영로 22,054-633-3166,10,담뜰 경상북도 영주시 번영로 22 한식,경상북도 영주시 번영로 22,36.81395957,128.6284738
,대가복국,0,87,정성화,일반음식점,한식,1.65582E+12,1,경상북도 영주시 대동로13번길 38-2,054-632-4532,10,대가복국 경상북도 영주시 대동로13번길 38-2 한식,경상북도 영주시 대동로13번길 38-2,36.8169623,128.6037631
,대복식당,0,13,신상헌,일반음식점,한식,1.65582E+12,1,경상북도 영주시 영주로231번길 8,054-635-6528,10,대복식당 경상북도 영주시 영주로231번길 8 한식,경상북도 영주시 영주로231번길 8,36.8266938,128.6253508
,대어,0,19,윤정희,일반음식점,일식,1.65582E+12,1,경상북도 영주시 선비로 118,054-633-7845,10,대어 경상북도 영주시 선비로 118 일식,경상북도 영주시 선비로 118,36.8146002,128.6225686
5,대지한우식육식당,1,213,안홍표,일반음식점,한식,1.60329E+12,1,경상북도 영주시 선비로 48 ,054-633-3392,110,대지한우식육식당 경상북도 영주시 선비로 48  한식,경상북도 영주시 선비로 48,36.8095826,128.6250235
,독점뒷고기,0,99,장문화,일반음식점,한식,1.65289E+12,1,경상북도 영주시 대학로201번길 5,054-637-5913,10,독점뒷고기 경상북도 영주시 대학로201번길 5 한식,경상북도 영주시 대학로201번길 5,36.8143876,128.6051085
,돈마루식당,0,135,이종란,일반음식점,한식,1.65289E+12,1,경상북도 영주시 대동로31번길 35-3,054-634-2468,10,돈마루식당 경상북도 영주시 대동로31번길 35-3 한식,경상북도 영주시 대동로31번길 35-3,36.8182297,128.6065882
,돈미돈미,0,169,박명화,일반음식점,기타 음식점업,1.61893E+12,1,경상북도 영주시 남간로 3,054-635-9295,10,돈미돈미 경상북도 영주시 남간로 3 기타 음식점업,경상북도 영주시 남간로 3,36.8184861,128.6340552
,돈부자네식당,0,112,배미향,일반음식점,한식,1.65289E+12,1,경상북도 영주시 지천로 103,054-631-1929,10,돈부자네식당 경상북도 영주시 지천로 103 한식,경상북도 영주시 지천로 103,36.8089463,128.6191606
,돌솥밥상,0,14,안미자,일반음식점,한식,1.65582E+12,1,경상북도 영주시 영주로 232-5 세화빌딩 103호,054-636-5777,10,돌솥밥상 경상북도 영주시 영주로 232-5 세화빌딩 103호 한식,경상북도 영주시 영주로 232-5 세화빌딩 103호,36.8253267,128.6252719
,돌솥한상식당,0,44,김종순,일반음식점,한식,1.65582E+12,1,경상북도 영주시 번영로132번길 8,054-635-3221,10,돌솥한상식당 경상북도 영주시 번영로132번길 8 한식,경상북도 영주시 번영로132번길 8,36.82365004,128.6269038
,돌아온돼지우리,0,125,김국섭,일반음식점,한식,1.65289E+12,1,경상북도 영주시 대학로164번길 3-18,054-638-1521,10,돌아온돼지우리 경상북도 영주시 대학로164번길 3-18 한식,경상북도 영주시 대학로164번길 3-18,36.8120587,128.6085741
,동경식당,0,98,이말순,일반음식점,한식,1.65289E+12,1,경상북도 영주시 대학로 197,-,10,동경식당 경상북도 영주시 대학로 197 한식,경상북도 영주시 대학로 197,36.8187464,128.6046765
,동남풍한우식당,0,165,최영은,일반음식점,기타 음식점업,1.61893E+12,1,경상북도 영주시 번영로173번길 13,054-635-6842,10,동남풍한우식당 경상북도 영주시 번영로173번길 13 기타 음식점업,경상북도 영주시 번영로173번길 13,36.8268318,128.6222864
,동동숯불,0,65,차문숙,일반음식점,한식,1.65582E+12,1,경상북도 영주시 번영로173번길 9,054-632-3343,10,동동숯불 경상북도 영주시 번영로173번길 9 한식,경상북도 영주시 번영로173번길 9,36.8268318,128.6222864
,동래면가,0,172,송문섭,일반음식점,일식,1.61893E+12,1,경상북도 영주시 대학로201번길 8-20,054-917-0802,10,동래면가 경상북도 영주시 대학로201번길 8-20 일식,경상북도 영주시 대학로201번길 8-20,36.8132324,128.6045816
,동양순대,0,67,전성홍,일반음식점,한식,1.65582E+12,1,경상북도 영주시 중앙로83번길 33,054-632-8440,10,동양순대 경상북도 영주시 중앙로83번길 33 한식,경상북도 영주시 중앙로83번길 33,36.823841,128.6232961
,동원명가,0,219,김인숙,일반음식점,한식,1.58584E+12,1,경상북도 영주시 원당로 90-3,054-635-7553,10,동원명가 경상북도 영주시 원당로 90-3 한식,경상북도 영주시 원당로 90-3,36.8269106,128.6319208
,동천가든식육식당,0,212,권은숙,일반음식점,한식,1.60329E+12,1,경상북도 영주시 신재로12번길 90,054-632-7043,10,동천가든식육식당 경상북도 영주시 신재로12번길 90 한식,경상북도 영주시 신재로12번길 90,36.83516956,128.61164
,동해일식,0,211,이상인,일반음식점,일식,1.60329E+12,1,경상북도 영주시 선비로 92,054-631-5855,10,동해일식 경상북도 영주시 선비로 92 일식,경상북도 영주시 선비로 92,36.8146002,128.6225686
6,동화식당,1,,,,,,0,경상북도 영주시 중앙로 81번길 31,054-633-8745,100,동화식당 경상북도 영주시 중앙로 81번길 31,경상북도 영주시 중앙로 81번길 31,36.82361355,128.6232856
,두부마을식당,0,220,하옥희,일반음식점,한식,1.58498E+12,1,경상북도 영주시 대학로 2,054-637-8872,10,두부마을식당 경상북도 영주시 대학로 2 한식,경상북도 영주시 대학로 2,36.8291896,128.6035208
,두부마을택지2호점,0,210,손주현,일반음식점,한식,1.65289E+12,1,경상북도 영주시 대동로34번길 2,054-638-8872,10,두부마을택지2호점 경상북도 영주시 대동로34번길 2 한식,경상북도 영주시 대동로34번길 2,36.81484678,128.6059407
,두부명가,0,173,송인형,일반음식점,한식,1.61893E+12,1,경상북도 영주시 대학로261번길 36,054-635-2564,10,두부명가 경상북도 영주시 대학로261번길 36 한식,경상북도 영주시 대학로261번길 36,36.8188286,128.6026314
7,둘구비가든,1,180,곽석원,일반음식점,한식,1.61893E+12,1,경상북도 영주시 조암로 409 ,054-638-5289,110,둘구비가든 경상북도 영주시 조암로 409  한식,경상북도 영주시 조암로 409,36.8070911,128.658432
,들소식당,0,31,이계연,일반음식점,한식,1.65582E+12,1,경상북도 영주시 남간로 5,054-631-0050,10,들소식당 경상북도 영주시 남간로 5 한식,경상북도 영주시 남간로 5,36.8184861,128.6340552
,또아수제돈까스부대나라,0,41,노창균,일반음식점,서양식,1.65582E+12,1,경상북도 영주시 중앙로80번길 2,054-632-9976,10,또아수제돈까스부대나라 경상북도 영주시 중앙로80번길 2 서양식,경상북도 영주시 중앙로80번길 2,36.82227818,128.6249397
,뜬돌정,0,133,정준회,일반음식점,한식,1.65289E+12,1,경상북도 영주시 대동로31번길 25-7,054-631-1365,10,뜬돌정 경상북도 영주시 대동로31번길 25-7 한식,경상북도 영주시 대동로31번길 25-7,36.8153223,128.6071899
,라니,0,63,김진우,일반음식점,한식,1.65582E+12,1,경상북도 영주시 구성로350번길 25 2층,-,10,라니 경상북도 영주시 구성로350번길 25 2층 한식,경상북도 영주시 구성로350번길 25 2층,36.82415252,128.624065
,루나리치,0,129,김순희,일반음식점,서양식,1.65289E+12,1,경상북도 영주시 대동로52번길 12,054-636-7333,10,루나리치 경상북도 영주시 대동로52번길 12 서양식,경상북도 영주시 대동로52번길 12,36.8139762,128.6080303
,링고카레,0,105,박철상,일반음식점,기타외국식,1.65289E+12,1,경상북도 영주시 대동로31번길 25,054-636-9255,10,링고카레 경상북도 영주시 대동로31번길 25 기타외국식,경상북도 영주시 대동로31번길 25,36.81750869,128.6059368
,마루참치,0,127,김말희,일반음식점,일식,1.65289E+12,1,경상북도 영주시 대학로 198,054-632-8686,10,마루참치 경상북도 영주시 대학로 198 일식,경상북도 영주시 대학로 198,36.809465,128.6203442
,마선장해물아귀찜,0,109,박혜원,일반음식점,한식,1.65289E+12,1,경상북도 영주시 대학로 168-1,054-633-7611,10,마선장해물아귀찜 경상북도 영주시 대학로 168-1 한식,경상북도 영주시 대학로 168-1,36.8097406,128.621816
,마왕족발영주가흥점,0,132,김영규,일반음식점,한식,1.65289E+12,1,경상북도 영주시 대동로13번길 18,054-638-5892,10,마왕족발영주가흥점 경상북도 영주시 대동로13번길 18 한식,경상북도 영주시 대동로13번길 18,36.8169623,128.6037631
,마츠,0,147,박서현,일반음식점,일식,1.63777E+12,1,경상북도 영주시 대학로262번길 23,054-708-8585,10,마츠 경상북도 영주시 대학로262번길 23 일식,경상북도 영주시 대학로262번길 23,36.8186371,128.6066148
,만당해장국,0,232,김영숙,일반음식점,한식,1.58489E+12,1,경상북도 영주시 대학로 6,054-632-8200,10,만당해장국 경상북도 영주시 대학로 6 한식,경상북도 영주시 대학로 6,36.8293409,128.6036611
,만파식적,0,90,이동환 외 1명,일반음식점,한식,1.65582E+12,1,경상북도 영주시 대학로284번길 21-7,054-632-3233,10,만파식적 경상북도 영주시 대학로284번길 21-7 한식,경상북도 영주시 대학로284번길 21-7,36.8206461,128.6074301
,메밀명가,0,154,우경식,일반음식점,한식,1.62152E+12,1,경상북도 영주시 중앙로 47,054-632-5935,10,메밀명가 경상북도 영주시 중앙로 47 한식,경상북도 영주시 중앙로 47,36.8189804,128.6176292
,명가정,0,57,전혜영,일반음식점,한식,1.65582E+12,1,경상북도 영주시 풍기읍 동양대로22번길 9,054-636-9333,10,명가정 경상북도 영주시 풍기읍 동양대로22번길 9 한식,경상북도 영주시 풍기읍 동양대로22번길 9,36.87273124,128.5285275
8,명동감자탕,1,209,강일만,일반음식점,한식,1.60329E+12,1,"경상북도 영주시 중앙로106번길 8, 1호",054-635-7235,110,"명동감자탕 경상북도 영주시 중앙로106번길 8, 1호 한식",경상북도 영주시 중앙로106번길 8,36.8245734,128.6262435
,명품한우갈비살,0,106,천경애,일반음식점,한식,1.65289E+12,1,경상북도 영주시 대학로 247-1,054-633-2574,10,명품한우갈비살 경상북도 영주시 대학로 247-1 한식,경상북도 영주시 대학로 247-1,36.8263066,128.6049243
,몽땅해장국,0,58,임동열,일반음식점,한식,1.65582E+12,1,경상북도 영주시 풍기읍 동양대로 62,054-636-9820,10,몽땅해장국 경상북도 영주시 풍기읍 동양대로 62 한식,경상북도 영주시 풍기읍 동양대로 62,36.87480202,128.5312435
9,미소함박,1,208,최성진,일반음식점,서양식,1.60329E+12,1,경상북도 영주시 대학로262번길 8-1 ,054-631-9028,110,미소함박 경상북도 영주시 대학로262번길 8-1  서양식,경상북도 영주시 대학로262번길 8-1,36.8186371,128.6066148
,바다횟집,0,207,남석태,일반음식점,일식,1.60329E+12,1,경상북도 영주시 번영로 81,054-632-5553,10,바다횟집 경상북도 영주시 번영로 81 일식,경상북도 영주시 번영로 81,36.81938288,128.6283448
,박의서수제왕돈까스,0,88,박의서,일반음식점,서양식,1.65582E+12,1,경상북도 영주시 대학로284번길 22,054-631-8413,10,박의서수제왕돈까스 경상북도 영주시 대학로284번길 22 서양식,경상북도 영주시 대학로284번길 22,36.8206461,128.6074301
,박초네아구찜,0,62,김제완,일반음식점,한식,1.65582E+12,1,경상북도 영주시 영주로231번길 30,054-634-0077,10,박초네아구찜 경상북도 영주시 영주로231번길 30 한식,경상북도 영주시 영주로231번길 30,36.8266938,128.6253508
,밥도둑,0,33,손숙영,일반음식점,한식,1.65582E+12,1,경상북도 영주시 번영로 66,054-635-0949,10,밥도둑 경상북도 영주시 번영로 66 한식,경상북도 영주시 번영로 66,36.8271953,128.625076
,배상궁생고기맛집,0,71,배지현,일반음식점,한식,1.65582E+12,1,경상북도 영주시 신재로55번길 7-3,054-633-8330,10,배상궁생고기맛집 경상북도 영주시 신재로55번길 7-3 한식,경상북도 영주시 신재로55번길 7-3,36.82985779,128.6067531
,백년밥상,0,73,김종협,일반음식점,한식,1.65582E+12,1,경상북도 영주시 영주로86번길 49,054-631-7030,10,백년밥상 경상북도 영주시 영주로86번길 49 한식,경상북도 영주시 영주로86번길 49,36.8219303,128.6114053
,복돼지아구찜식당,0,1,박미량,일반음식점,한식,1.65651E+12,1,경상북도 영주시 남간로 29-1,054-636-9595,10,복돼지아구찜식당 경상북도 영주시 남간로 29-1 한식,경상북도 영주시 남간로 29-1,36.8184861,128.6340552
,봉구대패삼겹살,0,27,정경순,일반음식점,한식,1.65582E+12,1,경상북도 영주시 대동로 151,054-637-8072,10,봉구대패삼겹살 경상북도 영주시 대동로 151 한식,경상북도 영주시 대동로 151,36.8144125,128.6197363
,부림장어,0,7,임영길,일반음식점,한식,1.65582E+12,1,경상북도 영주시 선비로 201,054-636-0000,10,부림장어 경상북도 영주시 선비로 201 한식,경상북도 영주시 선비로 201,36.8266724,128.6160008
,부석묵집,0,68,남소율,일반음식점,한식,1.65582E+12,1,경상북도 영주시 부석면 부석로36번길 9 외1필지,054-633-7506,10,부석묵집 경상북도 영주시 부석면 부석로36번길 9 외1필지 한식,경상북도 영주시 부석면 부석로36번길 9 외1필지,36.9777076,128.6545451
,부석사식당,0,206,우연자,일반음식점,한식,1.60329E+12,1,경상북도 영주시 부석면 부석사로 317,054-633-3317,10,부석사식당 경상북도 영주시 부석면 부석사로 317 한식,경상북도 영주시 부석면 부석사로 317,36.9867187,128.6598069
,부석사종점식당,0,205,박진우,일반음식점,한식,1.60329E+12,1,경상북도 영주시 부석면 부석사로 319,054-633-3606,10,부석사종점식당 경상북도 영주시 부석면 부석사로 319 한식,경상북도 영주시 부석면 부석사로 319,36.9867187,128.6598069
,부엌302,0,85,권순형,일반음식점,한식,1.65582E+12,1,경상북도 영주시 대동로31번길 28,-,10,부엌302 경상북도 영주시 대동로31번길 28 한식,경상북도 영주시 대동로31번길 28,36.81747067,128.6062702
,부영바다장어,0,42,김춘미,일반음식점,한식,1.65582E+12,1,경상북도 영주시 원당로 119,054-632-8850,10,부영바다장어 경상북도 영주시 원당로 119 한식,경상북도 영주시 원당로 119,36.8301568,128.6363352
,부일식당,0,157,김영희,일반음식점,한식,1.62152E+12,1,경상북도 영주시 이산면 웃무리로 80,054-635-1799,10,부일식당 경상북도 영주시 이산면 웃무리로 80 한식,경상북도 영주시 이산면 웃무리로 80,36.82611779,128.6433395
,분수대숯불갈비회관,0,177,이명희,일반음식점,기타 음식점업,1.61893E+12,1,경상북도 영주시 번영로173번길 15,054-632-5434,10,분수대숯불갈비회관 경상북도 영주시 번영로173번길 15 기타 음식점업,경상북도 영주시 번영로173번길 15,36.8268318,128.6222864
,불식당,0,23,김미향,일반음식점,한식,1.65582E+12,1,경상북도 영주시 대학로 3,054-632-4028,10,불식당 경상북도 영주시 대학로 3 한식,경상북도 영주시 대학로 3,36.829578,128.605077
,불쭈꾸미,0,153,권옥순,일반음식점,한식,1.62152E+12,1,경상북도 영주시 중앙로 43,054-638-0911,10,불쭈꾸미 경상북도 영주시 중앙로 43 한식,경상북도 영주시 중앙로 43,36.8218675,128.6237656
,빈스덮밥,0,152,전효빈,일반음식점,일식,1.62152E+12,1,경상북도 영주시 대학로 176,0507-1336-0033,10,빈스덮밥 경상북도 영주시 대학로 176 일식,경상북도 영주시 대학로 176,36.8263066,128.6049243
,빨강오리,0,230,나현숙,일반음식점,한식,1.58489E+12,1,경상북도 영주시 대학로 269,054-632-0012,10,빨강오리 경상북도 영주시 대학로 269 한식,경상북도 영주시 대학로 269,36.8097406,128.621816
,산내음식당,0,122,김민지,일반음식점,한식,1.65289E+12,1,경상북도 영주시 봉현면 풍기로 17,054-632-3366,10,산내음식당 경상북도 영주시 봉현면 풍기로 17 한식,경상북도 영주시 봉현면 풍기로 17,36.86677131,128.523097
,산수방식당,0,189,서죽희,일반음식점,한식,1.61893E+12,1,경상북도 영주시 풍기읍 삼가로 140,054-631-3332,10,산수방식당 경상북도 영주시 풍기읍 삼가로 140 한식,경상북도 영주시 풍기읍 삼가로 140,36.90059484,128.5243218
10,삼뜨락한정식,1,160,박서정,일반음식점,한식,1.62152E+12,1,경상북도 영주시 풍기읍 안풍로 307-12,054-631-8233,110,삼뜨락한정식 경상북도 영주시 풍기읍 안풍로 307-12,경상북도 영주시 풍기읍 안풍로 307-12,36.87122336,128.5408987
,삼미정,0,47,김점진,일반음식점,한식,1.65582E+12,1,경상북도 영주시 영주로 240-13 2층,054-632-5007,10,삼미정 경상북도 영주시 영주로 240-13 2층 한식,경상북도 영주시 영주로 240-13 2층,36.8249275,128.6261191
,샤브샤브봄,0,158,구한나,일반음식점,한식,1.62152E+12,1,경상북도 영주시 지천로 5,054-632-8009,10,샤브샤브봄 경상북도 영주시 지천로 5 한식,경상북도 영주시 지천로 5,36.8161634,128.619958
,샤브향영주점,0,174,김영순,일반음식점,한식,1.61893E+12,1,경상북도 영주시 대학로 256,054-636-9889,10,샤브향영주점 경상북도 영주시 대학로 256 한식,경상북도 영주시 대학로 256,36.8263066,128.6049243
11,서문가든,1,,,,,,0,경상북도 영주시 풍기읍 인삼로16번길 43,054-635-2415,100,서문가든 경상북도 영주시 풍기읍 인삼로16번길 43,경상북도 영주시 풍기읍 인삼로16번길 43,36.87214856,128.5214572
,서부불고기식당,0,163,김순자,일반음식점,한식,1.62152E+12,1,경상북도 영주시 풍기읍 동성로 102-20,054-636-2649,10,서부불고기식당 경상북도 영주시 풍기읍 동성로 102-20 한식,경상북도 영주시 풍기읍 동성로 102-20,36.87270536,128.5254232
,서울왕만두,0,8,이혜정,일반음식점,한식,1.65582E+12,1,경상북도 영주시 중앙로 62,054-633-9957,10,서울왕만두 경상북도 영주시 중앙로 62 한식,경상북도 영주시 중앙로 62,36.8218675,128.6237656
,서울정식,0,175,김상숙,일반음식점,한식,1.61893E+12,1,경상북도 영주시 번영로 106-1,054-638-1185,10,서울정식 경상북도 영주시 번영로 106-1 한식,경상북도 영주시 번영로 106-1,36.82164279,128.6285548
,서향중화요리,0,142,장사영,일반음식점,중식,1.65289E+12,1,경상북도 영주시 지천로 145,054-635-7000,10,서향중화요리 경상북도 영주시 지천로 145 중식,경상북도 영주시 지천로 145,36.81333084,128.618637
,선비꼬마김밥영주점,0,120,이정우,일반음식점,한식,1.65289E+12,1,경상북도 영주시 구성로 377,054-638-9040,10,선비꼬마김밥영주점 경상북도 영주시 구성로 377 한식,경상북도 영주시 구성로 377,36.824067,128.6220614
,설국일식,0,86,김형수,일반음식점,일식,1.65582E+12,1,경상북도 영주시 대동로13번길 2-23,054-637-2277,10,설국일식 경상북도 영주시 대동로13번길 2-23 일식,경상북도 영주시 대동로13번길 2-23,36.8169623,128.6037631
,성심원조순대해장국,0,182,김순자,일반음식점,한식,1.61893E+12,1,경상북도 영주시 중앙로80번길 9,054-635-2709,10,성심원조순대해장국 경상북도 영주시 중앙로80번길 9 한식,경상북도 영주시 중앙로80번길 9,36.8228106,128.6255255
,성일곱창,0,131,김창민,일반음식점,한식,1.65289E+12,1,경상북도 영주시 대동로13번길 2-13,054-637-6857,10,성일곱창 경상북도 영주시 대동로13번길 2-13 한식,경상북도 영주시 대동로13번길 2-13,36.8169623,128.6037631
,소담촌영주점,0,171,정의섭외1명,일반음식점,한식,1.61893E+12,1,경상북도 영주시 대학로201번길 1,054-634-2668,10,소담촌영주점 경상북도 영주시 대학로201번길 1 한식,경상북도 영주시 대학로201번길 1,36.8132324,128.6045816
,소망곱창,0,38,김정순,일반음식점,한식,1.65582E+12,1,경상북도 영주시 번영로 59 외1필지,054-633-8216,10,소망곱창 경상북도 영주시 번영로 59 외1필지 한식,경상북도 영주시 번영로 59 외1필지,36.8173774,128.6283061
,소문난암소갈비,0,204,변윤주,일반음식점,한식,1.60329E+12,1,경상북도 영주시 순흥면 소백로 2605,054-633-2030,10,소문난암소갈비 경상북도 영주시 순흥면 소백로 2605 한식,경상북도 영주시 순흥면 소백로 2605,36.9119549,128.5616069
,소문난암소갈비1호점,0,102,임정기,일반음식점,한식,1.65289E+12,1,경상북도 영주시 대학로240번길 16-11,054-631-0886,10,소문난암소갈비1호점 경상북도 영주시 대학로240번길 16-11 한식,경상북도 영주시 대학로240번길 16-11,36.8168755,128.6055673
,소백산산마루식당,0,191,최홍식,일반음식점,한식,1.61893E+12,1,경상북도 영주시 풍기읍 죽령로 1549,054-635-1399,10,소백산산마루식당 경상북도 영주시 풍기읍 죽령로 1549 한식,경상북도 영주시 풍기읍 죽령로 1549,36.8789722,128.5002155
,소백산숯불구이전문점염소숯불,0,108,최영식,일반음식점,한식,1.65289E+12,1,경상북도 영주시 지천로 137,054-634-8866,10,소백산숯불구이전문점염소숯불 경상북도 영주시 지천로 137 한식,경상북도 영주시 지천로 137,36.8161634,128.619958
,소백왕감자탕,0,146,김석종,일반음식점,한식,1.63777E+12,1,경상북도 영주시 대학로240번길 16-2,054-636-1022,10,소백왕감자탕 경상북도 영주시 대학로240번길 16-2 한식,경상북도 영주시 대학로240번길 16-2,36.8168755,128.6055673
12,소인소,1,,,,,,0,경상북도 영주시 선비로 46 ,054-633-0037,100,소인소 경상북도 영주시 선비로 46,경상북도 영주시 선비로 46,36.8095268,128.6251989
,송림바다생선구이식당,0,114,함종호,일반음식점,한식,1.65289E+12,1,경상북도 영주시 지천로71번길 27,054-632-9987,10,송림바다생선구이식당 경상북도 영주시 지천로71번길 27 한식,경상북도 영주시 지천로71번길 27,36.8066511,128.618539
,송이식당,0,4,최희태,일반음식점,한식,1.65651E+12,1,경상북도 영주시 부석면 부석로 77,054-633-3046,10,송이식당 경상북도 영주시 부석면 부석로 77 한식,경상북도 영주시 부석면 부석로 77,36.9767416,128.6521087
,수미설렁탕,0,107,김순안,일반음식점,한식,1.65289E+12,1,경상북도 영주시 원당로 13,054-633-2588,10,수미설렁탕 경상북도 영주시 원당로 13 한식,경상북도 영주시 원당로 13,36.8301568,128.6363352
13,순흥전통묵집,1,,,,,,0,경상북도 영주시 순흥면 순흥로39번길 21,054-634-4614,100,순흥전통묵집 경상북도 영주시 순흥면 순흥로39번길 21,경상북도 영주시 순흥면 순흥로39번길 21,36.91343115,128.5751092
,숯불촌,0,36,김호성,일반음식점,한식,1.65582E+12,1,경상북도 영주시 구성로 270,054-634-6339,10,숯불촌 경상북도 영주시 구성로 270 한식,경상북도 영주시 구성로 270,36.824067,128.6220614
,스시엔짬뽕,0,118,이선영,일반음식점,일식,1.65289E+12,1,경상북도 영주시 선비로 54-3,054-633-9291,10,스시엔짬뽕 경상북도 영주시 선비로 54-3 일식,경상북도 영주시 선비로 54-3,36.8101233,128.6246609
,스파고,0,126,김지연,일반음식점,기타 음식점업,1.65289E+12,1,경상북도 영주시 대학로 178,054-633-0201,10,스파고 경상북도 영주시 대학로 178 기타 음식점업,경상북도 영주시 대학로 178,36.8187464,128.6046765
,시골밥상,0,69,김명랑,일반음식점,한식,1.65582E+12,1,경상북도 영주시 부석면 소백로 3766,054-631-4179,10,시골밥상 경상북도 영주시 부석면 소백로 3766 한식,경상북도 영주시 부석면 소백로 3766,36.9738911,128.6452031
,시민칼국수,0,29,임현민,일반음식점,한식,1.65582E+12,1,경상북도 영주시 대학로86번길 15,054-632-3109,10,시민칼국수 경상북도 영주시 대학로86번길 15 한식,경상북도 영주시 대학로86번길 15,36.80829024,128.6152911
14,시장순대,1,,,,,,0,경상북도 영주시 대동로 142 ,054-632-2195,100,시장순대 경상북도 영주시 대동로 142,경상북도 영주시 대동로 142,36.8148695,128.6096345
,신대성참숯구이,0,228,신명숙,일반음식점,한식,1.58489E+12,1,경상북도 영주시 풍기읍 죽령로 1552,054-638-5399,10,신대성참숯구이 경상북도 영주시 풍기읍 죽령로 1552 한식,경상북도 영주시 풍기읍 죽령로 1552,36.8730056,128.5133963
,신역전식당,0,21,이선옥,일반음식점,한식,1.65582E+12,1,경상북도 영주시 선비로 57,054-633-9343,10,신역전식당 경상북도 영주시 선비로 57 한식,경상북도 영주시 선비로 57,36.8146002,128.6225686
,신전떡볶이영주분수대점,0,66,신혜빈,일반음식점_외,기타 음식점업,1.65582E+12,1,경상북도 영주시 영주로 223-3,054-631-6339,10,신전떡볶이영주분수대점 경상북도 영주시 영주로 223-3 기타 음식점업,경상북도 영주시 영주로 223-3,36.824815,128.6158266
,신차이나,0,222,김현기,일반음식점,중식,1.58489E+12,1,경상북도 영주시 풍기읍 동양대로 107-4,054-635-5957,10,신차이나 경상북도 영주시 풍기읍 동양대로 107-4 중식,경상북도 영주시 풍기읍 동양대로 107-4,36.87905003,128.5334216
,신흥식당,0,113,김시현,일반음식점,한식,1.65289E+12,1,경상북도 영주시 대학로22번길 70,054-635-0500,10,신흥식당 경상북도 영주시 대학로22번길 70 한식,경상북도 영주시 대학로22번길 70,36.81258905,128.6199793
,싱글벙글식당,0,83,박말순,일반음식점,한식,1.65582E+12,1,경상북도 영주시 대학로240번길 16-16,054-636-6976,10,싱글벙글식당 경상북도 영주시 대학로240번길 16-16 한식,경상북도 영주시 대학로240번길 16-16,36.8168755,128.6055673
,싸리골곤드레식당,0,181,정위남,일반음식점,한식,1.61893E+12,1,경상북도 영주시 중앙로106번길 8,054-636-7718,10,싸리골곤드레식당 경상북도 영주시 중앙로106번길 8 한식,경상북도 영주시 중앙로106번길 8,36.8245734,128.6262435
,쌈촌가흥점,0,159,김영훈,일반음식점,한식,1.62152E+12,1,경상북도 영주시 대학로240번길 18,054-633-9249,10,쌈촌가흥점 경상북도 영주시 대학로240번길 18 한식,경상북도 영주시 대학로240번길 18,36.8167674,128.6069051
15,아테네,1,,,,,,0,경상북도 영주시 영주로231번길 13 ,054-633-8810,100,아테네 경상북도 영주시 영주로231번길 13,경상북도 영주시 영주로231번길 13,36.8266938,128.6253508
,아테네레스토랑,0,203,김연자,일반음식점,서양식,1.60329E+12,1,경상북도 영주시 영주로231번길 13,054-633-8810,10,아테네레스토랑 경상북도 영주시 영주로231번길 13 서양식,경상북도 영주시 영주로231번길 13,36.8266938,128.6253508
,안가숯불구이,0,26,배말순,일반음식점,한식,1.65582E+12,1,경상북도 영주시 선비로 85-1,054-635-4970,10,안가숯불구이 경상북도 영주시 선비로 85-1 한식,경상북도 영주시 선비로 85-1,36.8266724,128.6160008
,안정농협한식뷔페,0,231,손기을,일반음식점,한식,1.58489E+12,1,경상북도 영주시 대학로284번길 5 2층,054-632-8552,10,안정농협한식뷔페 경상북도 영주시 대학로284번길 5 2층 한식,경상북도 영주시 대학로284번길 5 2층,36.82087564,128.6056927
,안정신대성인삼숯불,0,185,박혜순,일반음식점,기타 음식점업,1.61893E+12,1,경상북도 영주시 안정면 신재로 547,054-632-6633,10,안정신대성인삼숯불 경상북도 영주시 안정면 신재로 547 기타 음식점업,경상북도 영주시 안정면 신재로 547,36.8507245,128.5509835
16,약선당,1,,,,,,0,경상북도 영주시 봉현면 신재로 887-14,054-638-2728,100,약선당 경상북도 영주시 봉현면 신재로 887-14,경상북도 영주시 봉현면 신재로 887-14,36.86304032,128.5252035
17,약선당영주삼계탕,1,,,,,,0,경상북도 영주시 봉현면 신재로 831,054-633-3379,100,약선당영주삼계탕 경상북도 영주시 봉현면 신재로 831,경상북도 영주시 봉현면 신재로 831,36.86168473,128.5317334
,양지반점,0,39,김중동,일반음식점,중식,1.65582E+12,1,경상북도 영주시 번영로 50,054-635-8210,10,양지반점 경상북도 영주시 번영로 50 중식,경상북도 영주시 번영로 50,36.8247808,128.6250677
,어달리해물찜,0,92,김명숙,일반음식점,한식,1.65289E+12,1,경상북도 영주시 대학로 21,054-636-8897,10,어달리해물찜 경상북도 영주시 대학로 21 한식,경상북도 영주시 대학로 21,36.8187464,128.6046765
,어탕칼국수영주점,0,179,장상호,일반음식점,기타 음식점업,1.61893E+12,1,경상북도 영주시 영주로72번길 8,054-633-1202,10,어탕칼국수영주점 경상북도 영주시 영주로72번길 8 기타 음식점업,경상북도 영주시 영주로72번길 8,36.8208502,128.607897
,엄마손두부,0,17,김노영,일반음식점,한식,1.65582E+12,1,경상북도 영주시 구성로 188 외2필지,054-632-7675,10,엄마손두부 경상북도 영주시 구성로 188 외2필지 한식,경상북도 영주시 구성로 188 외2필지,36.8099662,128.6286752
,염소마당,0,9,조동흔,일반음식점,한식,1.65582E+12,1,경상북도 영주시 중앙로 21,054-632-2326,10,염소마당 경상북도 영주시 중앙로 21 한식,경상북도 영주시 중앙로 21,36.8189804,128.6176292
,영남아구찜,0,150,김정숙,일반음식점,한식,1.62455E+12,1,경상북도 영주시 영주로 259,054-635-2214,10,영남아구찜 경상북도 영주시 영주로 259 한식,경상북도 영주시 영주로 259,36.824815,128.6158266
,영덕해물탕,0,116,김명진,일반음식점,한식,1.65289E+12,1,경상북도 영주시 지천로50번길 64,054-635-8256,10,영덕해물탕 경상북도 영주시 지천로50번길 64 한식,경상북도 영주시 지천로50번길 64,36.8049198,128.6215564
,영주거랑애식당,0,10,김란희,일반음식점,한식,1.65582E+12,1,경상북도 영주시 원당로 29-1,054-635-3135,10,영주거랑애식당 경상북도 영주시 원당로 29-1 한식,경상북도 영주시 원당로 29-1,36.8236758,128.6283491
,영주골식당,0,32,김대진,일반음식점,한식,1.65582E+12,1,경상북도 영주시 번영로 85,054-638-8860,10,영주골식당 경상북도 영주시 번영로 85 한식,경상북도 영주시 번영로 85,36.8247808,128.6250677
18,영주동부야식,1,202,김경숙,일반음식점,한식,1.60329E+12,1,경상북도 영주시 대학로164번길 15-1,054-638-1073,110,영주동부야식 경상북도 영주시 대학로164번길 15-1 한식,경상북도 영주시 대학로164번길 15-1,36.8118927,128.6081511
,영주등갈비,0,20,오나검,일반음식점,한식,1.65582E+12,1,경상북도 영주시 목민로 40,-,10,영주등갈비 경상북도 영주시 목민로 40 한식,경상북도 영주시 목민로 40,36.80859569,128.62025
,영주벌교꼬막정식,0,161,심창한,일반음식점,한식,1.62152E+12,1,경상북도 영주시 대학로240번길 27-2,054-635-3356,10,영주벌교꼬막정식 경상북도 영주시 대학로240번길 27-2 한식,경상북도 영주시 대학로240번길 27-2,36.8167674,128.6069051
19,영주소백산능이버섯칼국수,1,201,이종민,일반음식점,기타 음식점업,1.60329E+12,1,경상북도 영주시 풍기읍 동양대로 39 ,054-638-2662,110,영주소백산능이버섯칼국수 경상북도 영주시 풍기읍 동양대로 39  기타 음식점업,경상북도 영주시 풍기읍 동양대로 39,36.87439119,128.5291561
,영주순대국밥,0,168,최금선,일반음식점,한식,1.61893E+12,1,경상북도 영주시 꽃동산로 32-6,054-633-3380,10,영주순대국밥 경상북도 영주시 꽃동산로 32-6 한식,경상북도 영주시 꽃동산로 32-6,36.8118794,128.622605
,영주시니어클럽은빛식당,0,5,윤대성,일반음식점,한식,1.65582E+12,1,경상북도 영주시 지천로173번길 10 2층,054-917-3355,10,영주시니어클럽은빛식당 경상북도 영주시 지천로173번길 10 2층 한식,경상북도 영주시 지천로173번길 10 2층,36.81595417,128.6191233
,영주축협한우플라자본점,0,226,서병국,일반음식점,한식,1.58489E+12,1,경상북도 영주시 한정로 10 2층,054-630-6720,10,영주축협한우플라자본점 경상북도 영주시 한정로 10 2층 한식,경상북도 영주시 한정로 10 2층,36.80510211,128.6084319
20,영주칠향계,1,223,김인자,일반음식점,한식,1.58489E+12,1,경상북도 영주시 풍기읍 풍기로 57-21 ,054-638-7797 ,110,영주칠향계 경상북도 영주시 풍기읍 풍기로 57-21  한식,경상북도 영주시 풍기읍 풍기로 57-21,36.87001883,128.5243613
,영주한우국밥,0,35,안영숙,일반음식점,한식,1.65582E+12,1,경상북도 영주시 번영로 71,-,10,영주한우국밥 경상북도 영주시 번영로 71 한식,경상북도 영주시 번영로 71,36.8247808,128.6250677
,영주한우마을,0,190,이영희,일반음식점,기타 음식점업,1.61893E+12,1,경상북도 영주시 풍기읍 소백로 1931,054-635-9285,10,영주한우마을 경상북도 영주시 풍기읍 소백로 1931 기타 음식점업,경상북도 영주시 풍기읍 소백로 1931,36.86948523,128.535978
,영주한우숯불구이소띠,0,103,김태수,일반음식점,한식,1.65289E+12,1,경상북도 영주시 대동로31번길 12,054-631-8515,10,영주한우숯불구이소띠 경상북도 영주시 대동로31번길 12 한식,경상북도 영주시 대동로31번길 12,36.8153223,128.6071899
,예안민물매운탕,0,166,방인자,일반음식점,기타 음식점업,1.61893E+12,1,경상북도 영주시 안정면 신재로 514,054-634-2893,10,예안민물매운탕 경상북도 영주시 안정면 신재로 514 기타 음식점업,경상북도 영주시 안정면 신재로 514,36.830804,128.6021271
,옛날돼지국밥,0,110,이태숙,일반음식점,한식,1.65289E+12,1,경상북도 영주시 선비로79번길 40-8,054-635-8678,10,옛날돼지국밥 경상북도 영주시 선비로79번길 40-8 한식,경상북도 영주시 선비로79번길 40-8,36.81334999,128.6218136
,오계춘천닭갈비가흥점,0,72,김경희,일반음식점,한식,1.65582E+12,1,경상북도 영주시 영주로86번길 47-3,054-638-5867,10,오계춘천닭갈비가흥점 경상북도 영주시 영주로86번길 47-3 한식,경상북도 영주시 영주로86번길 47-3,36.8219303,128.6114053
,오리한마리식당,0,91,차순화,일반음식점,한식,1.65289E+12,1,경상북도 영주시 번영로 18,054-632-9620,10,오리한마리식당 경상북도 영주시 번영로 18 한식,경상북도 영주시 번영로 18,36.81368733,128.628464
,오미고을,0,218,정숙희,일반음식점,한식,1.58584E+12,1,경상북도 영주시 원당로19번길 7,054-632-4974,10,오미고을 경상북도 영주시 원당로19번길 7 한식,경상북도 영주시 원당로19번길 7,36.81769899,128.6181953
,오승밥상,0,95,우인숙,일반음식점,한식,1.65289E+12,1,경상북도 영주시 시청로 36,054-633-0569,10,오승밥상 경상북도 영주시 시청로 36 한식,경상북도 영주시 시청로 36,36.8095431,128.6245314
,오케이갈비,0,134,박중환,일반음식점,한식,1.65289E+12,1,경상북도 영주시 대동로31번길 24,054-631-0883,10,오케이갈비 경상북도 영주시 대동로31번길 24 한식,경상북도 영주시 대동로31번길 24,36.8171406,128.6062253
,용천동숯불구이,0,50,김미순,일반음식점,한식,1.65582E+12,1,경상북도 영주시 풍기읍 기주로 85-1,054-638-3649,10,용천동숯불구이 경상북도 영주시 풍기읍 기주로 85-1 한식,경상북도 영주시 풍기읍 기주로 85-1,36.86974238,128.5262024
,용호회센타,0,184,권용호,일반음식점,일식,1.61893E+12,1,경상북도 영주시 지천로 87,054-637-7778,10,용호회센타 경상북도 영주시 지천로 87 일식,경상북도 영주시 지천로 87,36.8161634,128.619958
21,우정면옥,1,,,,,,0,경상북도 영주시 창진로 27 ,054-634-5600,100,우정면옥 경상북도 영주시 창진로 27,경상북도 영주시 창진로 27,36.859276,128.5866888
,우정숯불식당,0,156,최선희,일반음식점,한식,1.62152E+12,1,경상북도 영주시 가흥로357번길 55,054-638-0016,10,우정숯불식당 경상북도 영주시 가흥로357번길 55 한식,경상북도 영주시 가흥로357번길 55,36.83015754,128.609325
22,운현궁,1,,,,,,0,경상북도 영주시 원당로 90 , 054-635-2333 ,100,운현궁 경상북도 영주시 원당로 90,경상북도 영주시 원당로 90,36.8236758,128.6283491
,운현궁식당,0,162,김삼화,일반음식점,한식,1.62152E+12,1,경상북도 영주시 원당로 90,054-635-2333,10,운현궁식당 경상북도 영주시 원당로 90 한식,경상북도 영주시 원당로 90,36.8236758,128.6283491
,응급실국물떡볶이경북영주가흥점,0,84,유명순,일반음식점,기타 음식점업,1.65582E+12,1,경상북도 영주시 대동로13번길 18,054-632-1198,10,응급실국물떡볶이경북영주가흥점 경상북도 영주시 대동로13번길 18 기타 음식점업,경상북도 영주시 대동로13번길 18,36.8169623,128.6037631
,이대조뼈다귀,0,93,이명진,일반음식점,한식,1.65289E+12,1,경상북도 영주시 대학로 3,054-638-2222,10,이대조뼈다귀 경상북도 영주시 대학로 3 한식,경상북도 영주시 대학로 3,36.829578,128.605077
,일품양평해장국영주가흥점,0,151,강민영,일반음식점,기타 음식점업,1.6236E+12,1,경상북도 영주시 대동로34번길 2,054-634-4026,10,일품양평해장국영주가흥점 경상북도 영주시 대동로34번길 2 기타 음식점업,경상북도 영주시 대동로34번길 2,36.81484678,128.6059407
,자갈치앤꼼장어,0,52,김태란,일반음식점,한식,1.65582E+12,1,경상북도 영주시 풍기읍 풍기로 61,054-636-8884,10,자갈치앤꼼장어 경상북도 영주시 풍기읍 풍기로 61 한식,경상북도 영주시 풍기읍 풍기로 61,36.87052803,128.5253418
23,자미가,1,,,,,,0,경상북도 영주시 부석면 부석사로 311,054-632-3454,100,자미가 경상북도 영주시 부석면 부석사로 311,경상북도 영주시 부석면 부석사로 311,36.9867187,128.6598069
,자미가식당,0,200,한정태,일반음식점,한식,1.60329E+12,1,경상북도 영주시 부석면 부석사로 311,054-632-3454,10,자미가식당 경상북도 영주시 부석면 부석사로 311 한식,경상북도 영주시 부석면 부석사로 311,36.9867187,128.6598069
24,자연묵집,1,199,박재현,일반음식점,한식,1.60329E+12,1,경상북도 영주시 안정면 회헌로 508,054-637-2979,110,자연묵집 경상북도 영주시 안정면 회헌로 508 한식,경상북도 영주시 안정면 회헌로 508,36.86930962,128.5958562
,자인야식당,0,15,임명숙,일반음식점,한식,1.65582E+12,1,경상북도 영주시 중앙로81번길 31,054-984-7687,10,자인야식당 경상북도 영주시 중앙로81번길 31 한식,경상북도 영주시 중앙로81번길 31,36.82361355,128.6232856
,잔디밭갈비,0,198,김순예,일반음식점,한식,1.60329E+12,1,경상북도 영주시 구성로 383,054-631-5923,10,잔디밭갈비 경상북도 영주시 구성로 383 한식,경상북도 영주시 구성로 383,36.8283545,128.6168608
,장모님시골밥상,0,54,김연수,일반음식점,한식,1.65582E+12,1,경상북도 영주시 풍기읍 인삼로3번길 4,054-635-3777,10,장모님시골밥상 경상북도 영주시 풍기읍 인삼로3번길 4 한식,경상북도 영주시 풍기읍 인삼로3번길 4,36.87312947,128.5245595
,장수송어회식당,0,145,김명순,일반음식점,한식,1.63777E+12,1,경상북도 영주시 장수면 갈미로 62,054-637-3549,10,장수송어회식당 경상북도 영주시 장수면 갈미로 62 한식,경상북도 영주시 장수면 갈미로 62,36.77255839,128.5560643
,장수식당,0,94,김성구,일반음식점,한식,1.65289E+12,1,경상북도 영주시 선비로 43,054-631-3915,10,장수식당 경상북도 영주시 선비로 43 한식,경상북도 영주시 선비로 43,36.8146002,128.6225686
,장어나라,0,176,김일남,일반음식점,한식,1.61893E+12,1,경상북도 영주시 번영로 110,054-632-1411,10,장어나라 경상북도 영주시 번영로 110 한식,경상북도 영주시 번영로 110,36.82194109,128.6283262
25,전통묵집식당,1,,,,,,0,경상북도 영주시 원당로163번길 24 ,054-633-9284,100,전통묵집식당 경상북도 영주시 원당로163번길 24,경상북도 영주시 원당로163번길 24,36.82590725,128.6289428
,정가네식당,0,49,이미정,일반음식점,한식,1.65582E+12,1,경상북도 영주시 풍기읍 동양대로 24,054-637-3395,10,정가네식당 경상북도 영주시 풍기읍 동양대로 24 한식,경상북도 영주시 풍기읍 동양대로 24,36.8728061,128.5282834
,정고짚,0,100,권화자,일반음식점,한식,1.65289E+12,1,경상북도 영주시 대동로 42,054-633-6037,10,정고짚 경상북도 영주시 대동로 42 한식,경상북도 영주시 대동로 42,36.8148695,128.6096345
,종로분식,0,25,권영순,일반음식점,한식,1.65582E+12,1,경상북도 영주시 선비로 77,054-635-0129,10,종로분식 경상북도 영주시 선비로 77 한식,경상북도 영주시 선비로 77,36.8146002,128.6225686
,좋은날에식당,0,34,박영신,일반음식점,한식,1.65582E+12,1,경상북도 영주시 번영로 68-1,054-631-8253,10,좋은날에식당 경상북도 영주시 번영로 68-1 한식,경상북도 영주시 번영로 68-1,36.8173018,128.6284015
,주가네손짜장,0,61,주향나,일반음식점,중식,1.65582E+12,1,경상북도 영주시 순흥면 순흥로 58,054-636-7935,10,주가네손짜장 경상북도 영주시 순흥면 순흥로 58 중식,경상북도 영주시 순흥면 순흥로 58,36.91481593,128.5760439
,주봉냉면,0,59,박종한,일반음식점,한식,1.65582E+12,1,경상북도 영주시 풍기읍 삼가로 64,054-636-3210,10,주봉냉면 경상북도 영주시 풍기읍 삼가로 64 한식,경상북도 영주시 풍기읍 삼가로 64,36.8942843,128.5235468
26,죽령주막,1,,,,,,0,경상북도 영주시 풍기읍 죽령로 2316,054-638-6151,100,죽령주막 경상북도 영주시 풍기읍 죽령로 2316,경상북도 영주시 풍기읍 죽령로 2316,36.8822131,128.4910749
,중앙해물탕,0,48,장선재,일반음식점,한식,1.65582E+12,1,경상북도 영주시 중앙로126번길 15,054-632-5537,10,중앙해물탕 경상북도 영주시 중앙로126번길 15 한식,경상북도 영주시 중앙로126번길 15,36.82627051,128.6267928
,진주면옥,0,77,박선기,일반음식점,한식,1.65582E+12,1,경상북도 영주시 대학로 185,054-632-2373,10,진주면옥 경상북도 영주시 대학로 185 한식,경상북도 영주시 대학로 185,36.8187464,128.6046765
,차이나,0,141,김수연,일반음식점,중식,1.65289E+12,1,경상북도 영주시 지천로 135,054-638-5959,10,차이나 경상북도 영주시 지천로 135 중식,경상북도 영주시 지천로 135,36.8161634,128.619958
,착한낙지영주점,0,124,김종갑,일반음식점,한식,1.65289E+12,1,경상북도 영주시 대학로 291,054-631-7540,10,착한낙지영주점 경상북도 영주시 대학로 291 한식,경상북도 영주시 대학로 291,36.8263066,128.6049243
,참나무골장작구이,0,128,장재훈,일반음식점,한식,1.65289E+12,1,경상북도 영주시 대동로52번길 7,054-634-3373,10,참나무골장작구이 경상북도 영주시 대동로52번길 7 한식,경상북도 영주시 대동로52번길 7,36.81408927,128.6081899
,참나무생고기숯불구이,0,197,임동운,일반음식점,한식,1.60329E+12,1,경상북도 영주시 번영로 173,054-636-5255,10,참나무생고기숯불구이 경상북도 영주시 번영로 173 한식,경상북도 영주시 번영로 173,36.8173018,128.6284015
,참치데이,0,96,김광종,일반음식점,일식,1.65289E+12,1,경상북도 영주시 풍기읍 동성로 78,054-636-8822,10,참치데이 경상북도 영주시 풍기읍 동성로 78 일식,경상북도 영주시 풍기읍 동성로 78,36.87097926,128.527845
,참치본가,0,130,박동수,일반음식점,일식,1.65289E+12,1,경상북도 영주시 대동로 61-1,054-633-3788,10,참치본가 경상북도 영주시 대동로 61-1 일식,경상북도 영주시 대동로 61-1,36.8144125,128.6197363
,채담뜰식당,0,56,장민섭,일반음식점,한식,1.65582E+12,1,경상북도 영주시 풍기읍 동양대로 18 외1필지,054-636-7307,10,채담뜰식당 경상북도 영주시 풍기읍 동양대로 18 외1필지 한식,경상북도 영주시 풍기읍 동양대로 18 외1필지,36.8723783,128.5279835
27,천수남원추어탕,1,,,,,,0,경상북도 영주시 풍기읍 죽령로 1548,054-637-7878,100,천수남원추어탕 경상북도 영주시 풍기읍 죽령로 1548,경상북도 영주시 풍기읍 죽령로 1548,36.8730056,128.5133963
,철가방반점,0,167,강재일,일반음식점,중식,1.61893E+12,1,경상북도 영주시 구성로 210,054-635-2466,10,철가방반점 경상북도 영주시 구성로 210 중식,경상북도 영주시 구성로 210,36.8009588,128.6309902
,청화루,0,2,오문자,일반음식점,중식,1.65651E+12,1,경상북도 영주시 순흥면 소백로 2796 저자거리A동,054-637-6657,10,청화루 경상북도 영주시 순흥면 소백로 2796 저자거리A동 중식,경상북도 영주시 순흥면 소백로 2796 저자거리A동,36.92847353,128.5834337
28,축산본점식육식당,1,196,신인식,일반음식점,한식,1.60329E+12,1,경상북도 영주시 번영로173번길 10 ,054-631-1437,110,축산본점식육식당 경상북도 영주시 번영로173번길 10  한식,경상북도 영주시 번영로173번길 10,36.82682243,128.6240212
29,카페담원,1,187,김승희,일반음식점,서양식,1.61893E+12,1,경상북도 영주시 문수면 문수로1406번길 10,054-634-2736,110,카페담원 경상북도 영주시 문수면 문수로1406번길 10 서양식,경상북도 영주시 문수면 문수로1406번길 10,36.77273129,128.6320464
30,카페정담,1,,,,,,0,경상북도 영주시 풍기읍 소백로 2000,054-636-3330,100,카페정담 경상북도 영주시 풍기읍 소백로 2000,경상북도 영주시 풍기읍 소백로 2000,36.87507316,128.5399077
31,코끼리분식,1,183,김기영,일반음식점,기타 음식점업,1.61893E+12,1,경상북도 영주시 중앙로83번길 7 ,054-631-1214,110,코끼리분식 경상북도 영주시 중앙로83번길 7  기타 음식점업,경상북도 영주시 중앙로83번길 7,36.82298614,128.6243307
,코레아경양식영주점,0,195,이순우,일반음식점,서양식,1.60329E+12,1,경상북도 영주시 구성로350번길 41,0507-1384-2251,10,코레아경양식영주점 경상북도 영주시 구성로350번길 41 서양식,경상북도 영주시 구성로350번길 41,36.8243028,128.6243864
,코리아나식당,0,3,이해숙,일반음식점,한식,1.65651E+12,1,경상북도 영주시 부석면 부석사로 10,054-635-4220,10,코리아나식당 경상북도 영주시 부석면 부석사로 10 한식,경상북도 영주시 부석면 부석사로 10,36.9867187,128.6598069
,키햐아영주점,0,138,조은송,일반음식점,일식,1.65289E+12,1,경상북도 영주시 대학로262번길 3,054-632-7070,10,키햐아영주점 경상북도 영주시 대학로262번길 3 일식,경상북도 영주시 대학로262번길 3,36.81891123,128.6053339
,태송아구찜,0,119,김춘희,일반음식점,한식,1.65289E+12,1,경상북도 영주시 중앙로 86-5,054-633-1067,10,태송아구찜 경상북도 영주시 중앙로 86-5 한식,경상북도 영주시 중앙로 86-5,36.8271364,128.6257796
,태양회식당,0,37,김미진,일반음식점,일식,1.65582E+12,1,경상북도 영주시 구성로 268,054-637-7702,10,태양회식당 경상북도 영주시 구성로 268 일식,경상북도 영주시 구성로 268,36.8283545,128.6168608
,텐소마식당,0,143,원치훈,일반음식점,일식,1.63777E+12,1,경상북도 영주시 번영로 169-1,054-631-2695,10,텐소마식당 경상북도 영주시 번영로 169-1 일식,경상북도 영주시 번영로 169-1,36.82624728,128.6244131
,판도라식당,0,117,윤혜숙,일반음식점,한식,1.65289E+12,1,경상북도 영주시 대학로12번길 21,054-638-0026,10,판도라식당 경상북도 영주시 대학로12번길 21 한식,경상북도 영주시 대학로12번길 21,36.81103037,128.6221813
,푸드코트,0,89,김미진,일반음식점,기타 음식점업,1.65582E+12,1,경상북도 영주시 대학로284번길 23,054-632-2344,10,푸드코트 경상북도 영주시 대학로284번길 23 기타 음식점업,경상북도 영주시 대학로284번길 23,36.8206461,128.6074301
,푸른바다회집,0,43,권수환,일반음식점,일식,1.65582E+12,1,경상북도 영주시 원당로 147 101호,054-638-3855,10,푸른바다회집 경상북도 영주시 원당로 147 101호 일식,경상북도 영주시 원당로 147 101호,36.82447224,128.6288888
,풍기닭갈비,0,188,정희정,일반음식점,한식,1.61893E+12,1,경상북도 영주시 풍기읍 동양대로 58,054-636-6845,10,풍기닭갈비 경상북도 영주시 풍기읍 동양대로 58 한식,경상북도 영주시 풍기읍 동양대로 58,36.87460324,128.5307694
32,풍기삼계탕,1,221,김수미,일반음식점,한식,1.58489E+12,1,경상북도 영주시 중앙로 130 ,054-631-4900,110,풍기삼계탕 경상북도 영주시 중앙로 130  한식,경상북도 영주시 중앙로 130,36.819539,128.6189829
,풍기온천숯불,0,194,이명숙,일반음식점,한식,1.60329E+12,1,경상북도 영주시 풍기읍 죽령로 1365,054-633-5120,10,풍기온천숯불 경상북도 영주시 풍기읍 죽령로 1365 한식,경상북도 영주시 풍기읍 죽령로 1365,36.8822131,128.4910749
,풍기인삼갈비,0,193,이유미,일반음식점,한식,1.60329E+12,1,경상북도 영주시 풍기읍 소백로 1933,054-635-2382,10,풍기인삼갈비 경상북도 영주시 풍기읍 소백로 1933 한식,경상북도 영주시 풍기읍 소백로 1933,36.869782,128.5360072
,풍기인삼복어,0,11,이미애,일반음식점,한식,1.65582E+12,1,경상북도 영주시 원당로 29,054-635-3123,10,풍기인삼복어 경상북도 영주시 원당로 29 한식,경상북도 영주시 원당로 29,36.8240788,128.6288937
,풍기족발순대국밥,0,55,김주연,일반음식점,한식,1.65582E+12,1,경상북도 영주시 풍기읍 동성로94번길 2,054-632-8111,10,풍기족발순대국밥 경상북도 영주시 풍기읍 동성로94번길 2 한식,경상북도 영주시 풍기읍 동성로94번길 2,36.87156854,128.5263152
,풍기한방삼계탕,0,186,고동균,일반음식점,기타 음식점업,1.61893E+12,1,경상북도 영주시 봉현면 소백로 1653,054-636-6900,10,풍기한방삼계탕 경상북도 영주시 봉현면 소백로 1653 기타 음식점업,경상북도 영주시 봉현면 소백로 1653,36.84899665,128.526026
,풍덕집,0,51,김옥이,일반음식점,한식,1.65582E+12,1,경상북도 영주시 풍기읍 기주로 74-22,054-636-2574,10,풍덕집 경상북도 영주시 풍기읍 기주로 74-22 한식,경상북도 영주시 풍기읍 기주로 74-22,36.87034952,128.5280988
,풍미식당,0,30,송민정,일반음식점,한식,1.65582E+12,1,경상북도 영주시 번영로 90 101호,054-635-2559,10,풍미식당 경상북도 영주시 번영로 90 101호 한식,경상북도 영주시 번영로 90 101호,36.82020502,128.6286561
,피오르달리조영주점,0,144,김종균,일반음식점,서양식,1.63777E+12,1,경상북도 영주시 대학로 30,054-632-1313,10,피오르달리조영주점 경상북도 영주시 대학로 30 서양식,경상북도 영주시 대학로 30,36.8289802,128.6029643
,하루식당,0,224,박혜경,일반음식점,서양식,1.58489E+12,1,경상북도 영주시 풍기읍 동양대로 107-6,054-637-9870,10,하루식당 경상북도 영주시 풍기읍 동양대로 107-6 서양식,경상북도 영주시 풍기읍 동양대로 107-6,36.87923621,128.5332587
,학가산불쭈꾸미,0,18,김경란,일반음식점,한식,1.65582E+12,1,경상북도 영주시 구성로 146,054-631-5279,10,학가산불쭈꾸미 경상북도 영주시 구성로 146 한식,경상북도 영주시 구성로 146,36.8211546,128.6249172
33,한결청국장,1,192,조효정,일반음식점,한식,1.60329E+12,1,경상북도 영주시 풍기읍 인삼로 1-1,054-636-3224,110,한결청국장 경상북도 영주시 풍기읍 인삼로 1-1 한식,경상북도 영주시 풍기읍 인삼로 1-1,36.87337908,128.5244445
,한국인의밥상,0,139,박영남,일반음식점,한식,1.65289E+12,1,경상북도 영주시 대학로284번길 19,054-637-6788,10,한국인의밥상 경상북도 영주시 대학로284번길 19 한식,경상북도 영주시 대학로284번길 19,36.82066824,128.6071716
,한돈참숯꼬기영주점,0,78,유미소,일반음식점,한식,1.65582E+12,1,경상북도 영주시 대학로 177-1,054-635-1995,10,한돈참숯꼬기영주점 경상북도 영주시 대학로 177-1 한식,경상북도 영주시 대학로 177-1,36.8187464,128.6046765
,한솥도시락경북전문대점,0,111,최양모,일반음식점,한식,1.65289E+12,1,경상북도 영주시 대학로 72-2,054-635-1116,10,한솥도시락경북전문대점 경상북도 영주시 대학로 72-2 한식,경상북도 영주시 대학로 72-2,36.8187464,128.6046765
,한우전문점꽃갈비,0,115,박난화,일반음식점,한식,1.65289E+12,1,경상북도 영주시 대학로 35,054-633-9290,10,한우전문점꽃갈비 경상북도 영주시 대학로 35 한식,경상북도 영주시 대학로 35,36.8187464,128.6046765
,한채정한정식,0,64,이승희,일반음식점,한식,1.65582E+12,1,경상북도 영주시 영주로 208 외1필지,054-633-0005,10,한채정한정식 경상북도 영주시 영주로 208 외1필지 한식,경상북도 영주시 영주로 208 외1필지,36.8258428,128.6224196
,함흥면옥석쇠구이,0,164,이현옥,일반음식점,한식,1.61893E+12,1,경상북도 영주시 중앙로 109-10,054-638-0070,10,함흥면옥석쇠구이 경상북도 영주시 중앙로 109-10 한식,경상북도 영주시 중앙로 109-10,36.8218675,128.6237656
34,해장국전문점오늘,1,178,한상월,일반음식점,한식,1.61893E+12,1,경상북도 영주시 선비로 84-2 ,054-638-5544,110,해장국전문점오늘 경상북도 영주시 선비로 84-2  한식,경상북도 영주시 선비로 84-2,36.8266724,128.6160008
,행운숯불갈비,0,60,양선미,일반음식점,한식,1.65582E+12,1,경상북도 영주시 풍기읍 동양대로 39 외1필지,054-636-6960,10,행운숯불갈비 경상북도 영주시 풍기읍 동양대로 39 외1필지 한식,경상북도 영주시 풍기읍 동양대로 39 외1필지,36.8744159,128.529175
,현대한정식,0,12,김태한,일반음식점,한식,1.65582E+12,1,경상북도 영주시 원당로 20,054-632-7390,10,현대한정식 경상북도 영주시 원당로 20 한식,경상북도 영주시 원당로 20,36.8236758,128.6283491
,홍가네식당,0,45,김복윤,일반음식점,한식,1.65582E+12,1,경상북도 영주시 번영로132번길 6 외1필지,054-638-9992,10,홍가네식당 경상북도 영주시 번영로132번길 6 외1필지 한식,경상북도 영주시 번영로132번길 6 외1필지,36.8235126,128.6269777
,홍스떡볶이영주점,0,97,신민선,일반음식점_외,기타외국식,1.65289E+12,1,경상북도 영주시 대동로 82,-,10,홍스떡볶이영주점 경상북도 영주시 대동로 82 기타외국식,경상북도 영주시 대동로 82,36.8148695,128.6096345
,황금소한우,0,140,최현주,일반음식점,한식,1.65289E+12,1,경상북도 영주시 영주로60번길 14,054-635-4821,10,황금소한우 경상북도 영주시 영주로60번길 14 한식,경상북도 영주시 영주로60번길 14,36.8206417,128.6064923
,황토골인삼불고기,0,227,김광희,일반음식점,한식,1.58489E+12,1,경상북도 영주시 풍기읍 기주로 46,054-635-6088,10,황토골인삼불고기 경상북도 영주시 풍기읍 기주로 46 한식,경상북도 영주시 풍기읍 기주로 46,36.86862193,128.5305343
35,횡재먹거리한우,1,229,조정희,일반음식점,한식,1.58489E+12,1,"경상북도 영주시 풍기읍 소백로 2156, 2층",054-638-0094,110,"횡재먹거리한우 경상북도 영주시 풍기읍 소백로 2156, 2층 한식",경상북도 영주시 풍기읍 소백로 2156,36.88850301,128.5406894
36,흥부가,1,,,,,,0,경상북도 영주시 대학로 92 ,054-638-2094,100,흥부가 경상북도 영주시 대학로 92,경상북도 영주시 대학로 92,36.8263066,128.6049243
,흥주선비국밥,0,22,양영순,일반음식점,한식,1.65582E+12,1,경상북도 영주시 대학로 5,054-636-8177,10,흥주선비국밥 경상북도 영주시 대학로 5 한식,경상북도 영주시 대학로 5,36.8296349,128.605016
